num_days_since_start,num_hours_since_start,num_mins_since_start,lineage,table_name,cluster_labels
68,1652,99120,bigdataspain,aggr_transaction_clean,13
68,1651,99068,bigdataspain,aggr_transactions,13
68,1651,99083,bigdataspain,aggr_transactions2,13
68,1651,99044,bigdataspain,aggr_transactions_frm,13
68,1652,99107,bigdataspain,aggr_transactions_frm2,13
68,1651,99067,bigdataspain,aggr_transactions_to,13
68,1652,99113,bigdataspain,aggr_transactions_to2,13
67,1628,97659,bigdataspain,blocks23,13
67,1628,97673,bigdataspain,blocks24,13
67,1628,97650,bigdataspain,blocks25,13
67,1627,97603,bigdataspain,blocks255799,13
149,3594,215613,censo_chile,README,0
149,3593,215598,censo_chile,hogar,0
149,3593,215598,censo_chile,persona,0
149,3593,215598,censo_chile,vivienda,0
88,2113,126800,dbpedia,person,13
88,2115,126907,dbpedia,place,13
508,12201,732054,dbpedia2014temp,AcademicJournal,8
508,12201,732060,dbpedia2014temp,Activity,8
508,12201,732062,dbpedia2014temp,Actor,8
508,12201,732061,dbpedia2014temp,AdministrativeRegion,8
508,12201,732063,dbpedia2014temp,AdultActor,8
508,12201,732053,dbpedia2014temp,Aircraft,8
508,12201,732058,dbpedia2014temp,Airline,8
508,12201,732056,dbpedia2014temp,Airport,8
508,12201,732054,dbpedia2014temp,Album,8
508,12201,732055,dbpedia2014temp,AmateurBoxer,8
508,12201,732053,dbpedia2014temp,Ambassador,8
508,12201,732055,dbpedia2014temp,AmericanFootballCoach,8
508,12201,732057,dbpedia2014temp,AmericanFootballLeague,8
508,12201,732053,dbpedia2014temp,AmericanFootballPlayer,8
508,12201,732062,dbpedia2014temp,AmericanFootballTeam,8
508,12201,732061,dbpedia2014temp,Amphibian,8
508,12201,732053,dbpedia2014temp,AmusementParkAttraction,8
508,12201,732054,dbpedia2014temp,AnatomicalStructure,8
508,12201,732064,dbpedia2014temp,Animal,8
508,12201,732053,dbpedia2014temp,AnimangaCharacter,8
508,12201,732054,dbpedia2014temp,Anime,8
508,12201,732059,dbpedia2014temp,Arachnid,8
508,12201,732057,dbpedia2014temp,Archaea,8
508,12201,732054,dbpedia2014temp,Architect,8
508,12201,732062,dbpedia2014temp,ArchitecturalStructure,8
508,12201,732054,dbpedia2014temp,Artery,8
508,12201,732055,dbpedia2014temp,ArtificialSatellite,8
508,12201,732062,dbpedia2014temp,Artist,8
508,12201,732059,dbpedia2014temp,ArtistDiscography,8
508,12201,732063,dbpedia2014temp,Artwork,8
508,12201,732063,dbpedia2014temp,Asteroid,8
508,12201,732057,dbpedia2014temp,Astronaut,8
508,12201,732065,dbpedia2014temp,Athlete,8
508,12201,732063,dbpedia2014temp,AustralianFootballLeague,8
508,12201,732052,dbpedia2014temp,AustralianFootballTeam,8
508,12201,732061,dbpedia2014temp,AustralianRulesFootballPlayer,8
508,12201,732059,dbpedia2014temp,AutoRacingLeague,8
508,12201,732057,dbpedia2014temp,Automobile,8
508,12201,732060,dbpedia2014temp,AutomobileEngine,8
508,12201,732059,dbpedia2014temp,Award,8
508,12201,732054,dbpedia2014temp,Bacteria,8
508,12201,732054,dbpedia2014temp,BadmintonPlayer,8
508,12201,732055,dbpedia2014temp,Band,8
508,12201,732059,dbpedia2014temp,Baronet,8
508,12201,732060,dbpedia2014temp,BaseballLeague,8
508,12201,732054,dbpedia2014temp,BaseballPlayer,8
508,12201,732061,dbpedia2014temp,BaseballSeason,8
508,12201,732055,dbpedia2014temp,BaseballTeam,8
508,12201,732059,dbpedia2014temp,BasketballLeague,8
508,12201,732060,dbpedia2014temp,BasketballPlayer,8
508,12201,732057,dbpedia2014temp,BasketballTeam,8
508,12201,732058,dbpedia2014temp,BeachVolleyballPlayer,8
508,12201,732063,dbpedia2014temp,BeautyQueen,8
508,12201,732061,dbpedia2014temp,Beverage,8
508,12201,732053,dbpedia2014temp,BiologicalDatabase,8
508,12201,732057,dbpedia2014temp,Biomolecule,8
508,12201,732057,dbpedia2014temp,Bird,8
508,12201,732060,dbpedia2014temp,BodyOfWater,8
508,12201,732059,dbpedia2014temp,Bodybuilder,8
508,12201,732061,dbpedia2014temp,Bone,8
508,12201,732054,dbpedia2014temp,Book,8
508,12201,732054,dbpedia2014temp,BowlingLeague,8
508,12201,732052,dbpedia2014temp,Boxer,8
508,12201,732055,dbpedia2014temp,Brain,8
508,12201,732063,dbpedia2014temp,Brewery,8
508,12201,732056,dbpedia2014temp,Bridge,8
508,12201,732058,dbpedia2014temp,BritishRoyalty,8
508,12201,732058,dbpedia2014temp,BroadcastNetwork,8
508,12201,732061,dbpedia2014temp,Broadcaster,8
508,12201,732061,dbpedia2014temp,Building,8
508,12201,732053,dbpedia2014temp,BusCompany,8
508,12201,732056,dbpedia2014temp,BusinessPerson,8
508,12201,732055,dbpedia2014temp,CanadianFootballLeague,8
508,12201,732054,dbpedia2014temp,CanadianFootballTeam,8
508,12201,732055,dbpedia2014temp,Canal,8
508,12201,732056,dbpedia2014temp,Canoeist,8
508,12201,732061,dbpedia2014temp,Cardinal,8
508,12201,732059,dbpedia2014temp,CareerStation,8
508,12201,732055,dbpedia2014temp,Cartoon,8
508,12201,732063,dbpedia2014temp,Case,8
508,12201,732060,dbpedia2014temp,Castle,8
508,12201,732052,dbpedia2014temp,Cave,8
508,12201,732053,dbpedia2014temp,CelestialBody,8
508,12201,732054,dbpedia2014temp,Chancellor,8
508,12201,732056,dbpedia2014temp,Cheese,8
508,12201,732055,dbpedia2014temp,Chef,8
508,12201,732056,dbpedia2014temp,ChemicalCompound,8
508,12201,732062,dbpedia2014temp,ChemicalSubstance,8
508,12201,732058,dbpedia2014temp,ChessPlayer,8
508,12201,732060,dbpedia2014temp,ChristianBishop,8
508,12201,732056,dbpedia2014temp,City,8
508,12201,732058,dbpedia2014temp,ClassicalMusicArtist,8
508,12201,732055,dbpedia2014temp,ClassicalMusicComposition,8
508,12201,732058,dbpedia2014temp,Cleric,8
508,12201,732056,dbpedia2014temp,ClericalAdministrativeRegion,8
508,12201,732060,dbpedia2014temp,ClubMoss,8
508,12201,732054,dbpedia2014temp,Coach,8
508,12201,732056,dbpedia2014temp,College,8
508,12201,732054,dbpedia2014temp,CollegeCoach,8
508,12201,732057,dbpedia2014temp,Colour,8
508,12201,732060,dbpedia2014temp,Comedian,8
508,12201,732063,dbpedia2014temp,ComedyGroup,8
508,12201,732062,dbpedia2014temp,ComicStrip,8
508,12201,732054,dbpedia2014temp,Comics,8
508,12201,732059,dbpedia2014temp,ComicsCharacter,8
508,12201,732061,dbpedia2014temp,ComicsCreator,8
508,12201,732055,dbpedia2014temp,Company,8
508,12201,732058,dbpedia2014temp,Congressman,8
508,12201,732060,dbpedia2014temp,Conifer,8
508,12201,732053,dbpedia2014temp,Continent,8
508,12201,732063,dbpedia2014temp,Convention,8
508,12201,732053,dbpedia2014temp,Country,8
508,12201,732057,dbpedia2014temp,Crater,8
508,12201,732063,dbpedia2014temp,CricketGround,8
508,12201,732063,dbpedia2014temp,CricketLeague,8
508,12201,732052,dbpedia2014temp,CricketTeam,8
508,12201,732054,dbpedia2014temp,Cricketer,8
508,12201,732060,dbpedia2014temp,Criminal,8
508,12201,732061,dbpedia2014temp,Crustacean,8
508,12201,732060,dbpedia2014temp,CultivatedVariety,8
508,12201,732061,dbpedia2014temp,Curler,8
508,12201,732058,dbpedia2014temp,CurlingLeague,8
508,12201,732062,dbpedia2014temp,Currency,8
508,12201,732056,dbpedia2014temp,Cycad,8
508,12201,732064,dbpedia2014temp,CyclingRace,8
508,12201,732060,dbpedia2014temp,CyclingTeam,8
508,12201,732058,dbpedia2014temp,Cyclist,8
508,12201,732059,dbpedia2014temp,Dam,8
508,12201,732056,dbpedia2014temp,DartsPlayer,8
508,12201,732056,dbpedia2014temp,Database,8
508,12201,732059,dbpedia2014temp,Device,8
508,12201,732054,dbpedia2014temp,Diocese,8
508,12201,732053,dbpedia2014temp,Disease,8
508,12201,732060,dbpedia2014temp,Drug,8
508,12201,732055,dbpedia2014temp,Economist,8
508,12201,732059,dbpedia2014temp,EducationalInstitution,8
508,12201,732062,dbpedia2014temp,Election,8
508,12201,732056,dbpedia2014temp,Embryology,8
508,12201,732060,dbpedia2014temp,Engineer,8
508,12201,732063,dbpedia2014temp,Entomologist,8
508,12201,732061,dbpedia2014temp,Enzyme,8
508,12201,732060,dbpedia2014temp,EthnicGroup,8
508,12201,732063,dbpedia2014temp,Eukaryote,8
508,12201,732061,dbpedia2014temp,EurovisionSongContestEntry,8
508,12201,732054,dbpedia2014temp,Event,8
508,12201,732060,dbpedia2014temp,Fashion,8
508,12201,732057,dbpedia2014temp,FashionDesigner,8
508,12201,732053,dbpedia2014temp,Fern,8
508,12201,732054,dbpedia2014temp,FictionalCharacter,8
508,12201,732058,dbpedia2014temp,FieldHockeyLeague,8
508,12201,732061,dbpedia2014temp,FigureSkater,8
508,12201,732062,dbpedia2014temp,Film,8
508,12201,732055,dbpedia2014temp,FilmFestival,8
508,12201,732057,dbpedia2014temp,Fish,8
508,12201,732058,dbpedia2014temp,FloweringPlant,8
508,12201,732052,dbpedia2014temp,Food,8
508,12201,732062,dbpedia2014temp,FootballLeagueSeason,8
508,12201,732064,dbpedia2014temp,FootballMatch,8
508,12201,732063,dbpedia2014temp,FormulaOneRacer,8
508,12201,732061,dbpedia2014temp,FormulaOneTeam,8
508,12201,732060,dbpedia2014temp,Fungus,8
508,12201,732054,dbpedia2014temp,GaelicGamesPlayer,8
508,12201,732055,dbpedia2014temp,Galaxy,8
508,12201,732055,dbpedia2014temp,Game,8
508,12201,732055,dbpedia2014temp,Garden,8
508,12201,732060,dbpedia2014temp,Gene,8
508,12201,732063,dbpedia2014temp,GeneLocation,8
508,12201,732061,dbpedia2014temp,Genre,8
508,12201,732060,dbpedia2014temp,Ginkgo,8
508,12201,732060,dbpedia2014temp,GivenName,8
508,12201,732055,dbpedia2014temp,Glacier,8
508,12201,732058,dbpedia2014temp,Gnetophytes,8
508,12201,732062,dbpedia2014temp,GolfCourse,8
508,12201,732052,dbpedia2014temp,GolfLeague,8
508,12201,732053,dbpedia2014temp,GolfPlayer,8
508,12201,732056,dbpedia2014temp,GolfTournament,8
508,12201,732061,dbpedia2014temp,GovernmentAgency,8
508,12201,732061,dbpedia2014temp,Governor,8
508,12201,732060,dbpedia2014temp,GrandPrix,8
508,12201,732054,dbpedia2014temp,Grape,8
508,12201,732061,dbpedia2014temp,GreenAlga,8
508,12201,732061,dbpedia2014temp,GridironFootballPlayer,8
508,12201,732057,dbpedia2014temp,Guitarist,8
508,12201,732060,dbpedia2014temp,Gymnast,8
508,12201,732063,dbpedia2014temp,HandballLeague,8
508,12201,732061,dbpedia2014temp,HandballPlayer,8
508,12201,732059,dbpedia2014temp,HandballTeam,8
508,12201,732057,dbpedia2014temp,Historian,8
508,12201,732058,dbpedia2014temp,HistoricBuilding,8
508,12201,732063,dbpedia2014temp,HistoricPlace,8
508,12201,732055,dbpedia2014temp,HockeyTeam,8
508,12201,732052,dbpedia2014temp,Holiday,8
508,12201,732054,dbpedia2014temp,HollywoodCartoon,8
508,12201,732054,dbpedia2014temp,HorseRace,8
508,12201,732057,dbpedia2014temp,HorseRider,8
508,12201,732058,dbpedia2014temp,HorseTrainer,8
508,12201,732056,dbpedia2014temp,Hospital,8
508,12201,732062,dbpedia2014temp,Hotel,8
508,12201,732052,dbpedia2014temp,HumanGene,8
508,12201,732061,dbpedia2014temp,HumanGeneLocation,8
508,12201,732055,dbpedia2014temp,IceHockeyLeague,8
508,12201,732056,dbpedia2014temp,IceHockeyPlayer,8
508,12201,732061,dbpedia2014temp,InformationAppliance,8
508,12201,732058,dbpedia2014temp,Infrastructure,8
508,12201,732054,dbpedia2014temp,InlineHockeyLeague,8
508,12201,732059,dbpedia2014temp,Insect,8
508,12201,732056,dbpedia2014temp,Instrumentalist,8
508,12201,732059,dbpedia2014temp,Island,8
508,12201,732058,dbpedia2014temp,Jockey,8
508,12201,732062,dbpedia2014temp,Journalist,8
508,12201,732063,dbpedia2014temp,Judge,8
508,12201,732061,dbpedia2014temp,LacrosseLeague,8
508,12201,732063,dbpedia2014temp,LacrossePlayer,8
508,12201,732061,dbpedia2014temp,Lake,8
508,12201,732059,dbpedia2014temp,Language,8
508,12201,732056,dbpedia2014temp,LaunchPad,8
508,12201,732062,dbpedia2014temp,LawFirm,8
508,12201,732053,dbpedia2014temp,LegalCase,8
508,12201,732060,dbpedia2014temp,Legislature,8
508,12201,732063,dbpedia2014temp,Library,8
508,12201,732057,dbpedia2014temp,Ligament,8
508,12201,732058,dbpedia2014temp,Lighthouse,8
508,12201,732059,dbpedia2014temp,Locomotive,8
508,12201,732061,dbpedia2014temp,Lymph,8
508,12201,732053,dbpedia2014temp,Magazine,8
508,12201,732056,dbpedia2014temp,Mammal,8
508,12201,732060,dbpedia2014temp,Manga,8
508,12201,732059,dbpedia2014temp,MartialArtist,8
508,12201,732052,dbpedia2014temp,Mayor,8
508,12201,732052,dbpedia2014temp,MeanOfTransportation,8
508,12201,732063,dbpedia2014temp,Medician,8
508,12201,732056,dbpedia2014temp,MemberOfParliament,8
508,12201,732059,dbpedia2014temp,MilitaryConflict,8
508,12201,732060,dbpedia2014temp,MilitaryPerson,8
508,12201,732055,dbpedia2014temp,MilitaryStructure,8
508,12201,732054,dbpedia2014temp,MilitaryUnit,8
508,12201,732062,dbpedia2014temp,Mineral,8
508,12201,732062,dbpedia2014temp,MixedMartialArtsEvent,8
508,12201,732058,dbpedia2014temp,MixedMartialArtsLeague,8
508,12201,732063,dbpedia2014temp,Model,8
508,12201,732054,dbpedia2014temp,Mollusca,8
508,12201,732055,dbpedia2014temp,Monarch,8
508,12201,732053,dbpedia2014temp,Monument,8
508,12201,732062,dbpedia2014temp,Moss,8
508,12201,732056,dbpedia2014temp,Motorcycle,8
508,12201,732054,dbpedia2014temp,MotorcycleRacingLeague,8
508,12201,732057,dbpedia2014temp,MotorcycleRider,8
508,12201,732062,dbpedia2014temp,MotorsportRacer,8
508,12201,732053,dbpedia2014temp,MotorsportSeason,8
508,12201,732058,dbpedia2014temp,Mountain,8
508,12201,732062,dbpedia2014temp,MountainPass,8
508,12201,732063,dbpedia2014temp,MountainRange,8
508,12201,732055,dbpedia2014temp,MouseGene,8
508,12201,732058,dbpedia2014temp,MouseGeneLocation,8
508,12201,732055,dbpedia2014temp,Murderer,8
508,12201,732052,dbpedia2014temp,Muscle,8
508,12201,732061,dbpedia2014temp,Museum,8
508,12201,732060,dbpedia2014temp,MusicFestival,8
508,12201,732053,dbpedia2014temp,MusicGenre,8
508,12201,732053,dbpedia2014temp,Musical,8
508,12201,732063,dbpedia2014temp,MusicalArtist,8
508,12201,732059,dbpedia2014temp,MusicalWork,8
508,12201,732059,dbpedia2014temp,MythologicalFigure,8
508,12201,732057,dbpedia2014temp,NCAATeamSeason,8
508,12201,732063,dbpedia2014temp,Name,8
508,12201,732055,dbpedia2014temp,NascarDriver,8
508,12201,732060,dbpedia2014temp,NationalCollegiateAthleticAssociationAthlete,8
508,12201,732062,dbpedia2014temp,NationalFootballLeagueEvent,8
508,12201,732057,dbpedia2014temp,NationalFootballLeagueSeason,8
508,12201,732058,dbpedia2014temp,NaturalEvent,8
508,12201,732054,dbpedia2014temp,NaturalPlace,8
508,12201,732056,dbpedia2014temp,Nerve,8
508,12201,732058,dbpedia2014temp,NetballPlayer,8
508,12201,732058,dbpedia2014temp,Newspaper,8
508,12201,732057,dbpedia2014temp,Noble,8
508,12201,732055,dbpedia2014temp,Novel,8
508,12201,732056,dbpedia2014temp,OfficeHolder,8
508,12201,732062,dbpedia2014temp,OlympicEvent,8
508,12201,732063,dbpedia2014temp,OlympicResult,8
508,12201,732057,dbpedia2014temp,Olympics,8
508,12201,732060,dbpedia2014temp,Organisation,8
508,12201,732060,dbpedia2014temp,OrganisationMember,8
508,12201,732058,dbpedia2014temp,Painter,8
508,12201,732063,dbpedia2014temp,Park,8
508,12201,732053,dbpedia2014temp,PeriodicalLiterature,8
508,12201,732072,dbpedia2014temp,Person,8
508,12201,732058,dbpedia2014temp,PersonFunction,8
508,12201,732058,dbpedia2014temp,Philosopher,8
508,12201,732057,dbpedia2014temp,Photographer,8
508,12201,732070,dbpedia2014temp,Place,8
508,12201,732059,dbpedia2014temp,Planet,8
508,12201,732055,dbpedia2014temp,Plant,8
508,12201,732062,dbpedia2014temp,Play,8
508,12201,732060,dbpedia2014temp,PlayboyPlaymate,8
508,12201,732058,dbpedia2014temp,Poem,8
508,12201,732064,dbpedia2014temp,Poet,8
508,12201,732053,dbpedia2014temp,PokerPlayer,8
508,12201,732063,dbpedia2014temp,PoliticalParty,8
508,12201,732053,dbpedia2014temp,Politician,8
508,12201,732063,dbpedia2014temp,PoloLeague,8
508,12201,732052,dbpedia2014temp,Pope,8
508,12201,732066,dbpedia2014temp,PopulatedPlace,8
508,12201,732055,dbpedia2014temp,PowerStation,8
508,12201,732056,dbpedia2014temp,Presenter,8
508,12201,732059,dbpedia2014temp,President,8
508,12201,732057,dbpedia2014temp,PrimeMinister,8
508,12201,732059,dbpedia2014temp,Prison,8
508,12201,732063,dbpedia2014temp,ProgrammingLanguage,8
508,12201,732061,dbpedia2014temp,Project,8
508,12201,732059,dbpedia2014temp,ProtectedArea,8
508,12201,732059,dbpedia2014temp,Protein,8
508,12201,732054,dbpedia2014temp,PublicTransitSystem,8
508,12201,732061,dbpedia2014temp,Publisher,8
508,12201,732063,dbpedia2014temp,Race,8
508,12201,732054,dbpedia2014temp,RaceHorse,8
508,12201,732058,dbpedia2014temp,RaceTrack,8
508,12201,732055,dbpedia2014temp,Racecourse,8
508,12201,732053,dbpedia2014temp,RacingDriver,8
508,12201,732058,dbpedia2014temp,RadioHost,8
508,12201,732056,dbpedia2014temp,RadioProgram,8
508,12201,732061,dbpedia2014temp,RadioStation,8
508,12201,732056,dbpedia2014temp,RailwayLine,8
508,12201,732055,dbpedia2014temp,RailwayStation,8
508,12201,732054,dbpedia2014temp,RailwayTunnel,8
508,12201,732061,dbpedia2014temp,RecordLabel,8
508,12201,732062,dbpedia2014temp,Region,8
508,12201,732053,dbpedia2014temp,Religious,8
508,12201,732060,dbpedia2014temp,ReligiousBuilding,8
508,12201,732058,dbpedia2014temp,Reptile,8
508,12201,732056,dbpedia2014temp,ResearchProject,8
508,12201,732059,dbpedia2014temp,Restaurant,8
508,12201,732055,dbpedia2014temp,River,8
508,12201,732054,dbpedia2014temp,Road,8
508,12201,732063,dbpedia2014temp,RoadJunction,8
508,12201,732059,dbpedia2014temp,RoadTunnel,8
508,12201,732063,dbpedia2014temp,Rocket,8
508,12201,732061,dbpedia2014temp,RollerCoaster,8
508,12201,732054,dbpedia2014temp,RouteOfTransportation,8
508,12201,732054,dbpedia2014temp,Rower,8
508,12201,732058,dbpedia2014temp,Royalty,8
508,12201,732053,dbpedia2014temp,RugbyClub,8
508,12201,732054,dbpedia2014temp,RugbyLeague,8
508,12201,732061,dbpedia2014temp,RugbyPlayer,8
508,12201,732061,dbpedia2014temp,Saint,8
508,12201,732064,dbpedia2014temp,Sales,8
508,12201,732059,dbpedia2014temp,Satellite,8
508,12201,732062,dbpedia2014temp,School,8
508,12201,732059,dbpedia2014temp,Scientist,8
508,12201,732057,dbpedia2014temp,ScreenWriter,8
508,12201,732054,dbpedia2014temp,Senator,8
508,12201,732056,dbpedia2014temp,Settlement,8
508,12201,732056,dbpedia2014temp,Ship,8
508,12201,732058,dbpedia2014temp,ShoppingMall,8
508,12201,732057,dbpedia2014temp,Single,8
508,12201,732052,dbpedia2014temp,SiteOfSpecialScientificInterest,8
508,12201,732061,dbpedia2014temp,Skater,8
508,12201,732057,dbpedia2014temp,SkiArea,8
508,12201,732063,dbpedia2014temp,Skier,8
508,12201,732055,dbpedia2014temp,Skyscraper,8
508,12201,732060,dbpedia2014temp,SnookerChamp,8
508,12201,732059,dbpedia2014temp,SnookerPlayer,8
508,12201,732062,dbpedia2014temp,SnookerWorldRanking,8
508,12201,732063,dbpedia2014temp,SoapCharacter,8
508,12201,732056,dbpedia2014temp,SoccerClub,8
508,12201,732056,dbpedia2014temp,SoccerClubSeason,8
508,12201,732054,dbpedia2014temp,SoccerLeague,8
508,12201,732056,dbpedia2014temp,SoccerManager,8
508,12201,732059,dbpedia2014temp,SoccerPlayer,8
508,12201,732056,dbpedia2014temp,SoccerTournament,8
508,12201,732063,dbpedia2014temp,SocietalEvent,8
508,12201,732061,dbpedia2014temp,SoftballLeague,8
508,12201,732057,dbpedia2014temp,Software,8
508,12201,732053,dbpedia2014temp,SolarEclipse,8
508,12201,732060,dbpedia2014temp,Song,8
508,12201,732056,dbpedia2014temp,SpaceMission,8
508,12201,732061,dbpedia2014temp,SpaceShuttle,8
508,12201,732060,dbpedia2014temp,SpaceStation,8
508,12201,732056,dbpedia2014temp,Spacecraft,8
508,12201,732060,dbpedia2014temp,Species,8
508,12201,732062,dbpedia2014temp,SpeedwayLeague,8
508,12201,732057,dbpedia2014temp,SpeedwayRider,8
508,12201,732055,dbpedia2014temp,SpeedwayTeam,8
508,12201,732060,dbpedia2014temp,Sport,8
508,12201,732057,dbpedia2014temp,SportCompetitionResult,8
508,12201,732062,dbpedia2014temp,SportFacility,8
508,12201,732060,dbpedia2014temp,SportsEvent,8
508,12201,732057,dbpedia2014temp,SportsLeague,8
508,12201,732062,dbpedia2014temp,SportsManager,8
508,12201,732061,dbpedia2014temp,SportsSeason,8
508,12201,732054,dbpedia2014temp,SportsTeam,8
508,12201,732057,dbpedia2014temp,SportsTeamMember,8
508,12201,732058,dbpedia2014temp,SportsTeamSeason,8
508,12201,732052,dbpedia2014temp,SquashPlayer,8
508,12201,732061,dbpedia2014temp,Stadium,8
508,12201,732059,dbpedia2014temp,Star,8
508,12201,732055,dbpedia2014temp,Station,8
508,12201,732054,dbpedia2014temp,Stream,8
508,12201,732060,dbpedia2014temp,SumoWrestler,8
508,12201,732059,dbpedia2014temp,SupremeCourtOfTheUnitedStatesCase,8
508,12201,732062,dbpedia2014temp,Surname,8
508,12201,732062,dbpedia2014temp,Swimmer,8
508,12201,732056,dbpedia2014temp,TableTennisPlayer,8
508,12201,732060,dbpedia2014temp,TelevisionEpisode,8
508,12201,732061,dbpedia2014temp,TelevisionHost,8
508,12201,732063,dbpedia2014temp,TelevisionSeason,8
508,12201,732057,dbpedia2014temp,TelevisionShow,8
508,12201,732061,dbpedia2014temp,TelevisionStation,8
508,12201,732063,dbpedia2014temp,TennisLeague,8
508,12201,732056,dbpedia2014temp,TennisPlayer,8
508,12201,732056,dbpedia2014temp,TennisTournament,8
508,12201,732055,dbpedia2014temp,Theatre,8
508,12201,732063,dbpedia2014temp,TimePeriod,8
508,12201,732052,dbpedia2014temp,TopicalConcept,8
508,12201,732061,dbpedia2014temp,Tournament,8
508,12201,732057,dbpedia2014temp,Tower,8
508,12201,732058,dbpedia2014temp,Town,8
508,12201,732062,dbpedia2014temp,TradeUnion,8
508,12201,732061,dbpedia2014temp,Train,8
508,12201,732061,dbpedia2014temp,Tunnel,8
508,12201,732055,dbpedia2014temp,UnitOfWork,8
508,12201,732062,dbpedia2014temp,University,8
508,12201,732060,dbpedia2014temp,Valley,8
508,12201,732054,dbpedia2014temp,Vein,8
508,12201,732059,dbpedia2014temp,Venue,8
508,12201,732062,dbpedia2014temp,VideoGame,8
508,12201,732061,dbpedia2014temp,VideogamesLeague,8
508,12201,732059,dbpedia2014temp,Village,8
508,12201,732054,dbpedia2014temp,VoiceActor,8
508,12201,732055,dbpedia2014temp,Volcano,8
508,12201,732055,dbpedia2014temp,VolleyballCoach,8
508,12201,732061,dbpedia2014temp,VolleyballLeague,8
508,12201,732059,dbpedia2014temp,VolleyballPlayer,8
508,12201,732053,dbpedia2014temp,WaterRide,8
508,12201,732056,dbpedia2014temp,WaterwayTunnel,8
508,12201,732062,dbpedia2014temp,Weapon,8
508,12201,732057,dbpedia2014temp,Website,8
508,12201,732059,dbpedia2014temp,WineRegion,8
508,12201,732059,dbpedia2014temp,Winery,8
508,12201,732061,dbpedia2014temp,WomensTennisAssociationTournament,8
508,12201,732055,dbpedia2014temp,WorldHeritageSite,8
508,12201,732053,dbpedia2014temp,Wrestler,8
508,12201,732055,dbpedia2014temp,WrestlingEvent,8
508,12201,732053,dbpedia2014temp,Writer,8
508,12201,732061,dbpedia2014temp,WrittenWork,8
508,12201,732061,dbpedia2014temp,Year,8
508,12201,732054,dbpedia2014temp,YearInSpaceflight,8
508,12201,732049,dbpedia2014temp,test,8
734,17621,1057252,fivethirtyeight_uber,lyft_2014_jul_sep,2
734,17621,1057247,fivethirtyeight_uber,uber_2014_apr_sep,2
154,3703,222168,freebase20140119,compute_ages,0
216,5190,311408,freebase20140119,coords_aux,19
216,5190,311413,freebase20140119,count_gender_prof_birthplace,19
216,5190,311415,freebase20140119,count_gender_prof_birthplace_mat,19
220,5298,317887,freebase20140119,country_isos,19
220,5299,317944,freebase20140119,famous_women_by_country,19
154,3703,222168,freebase20140119,gender_names,0
154,3703,222156,freebase20140119,people_date_of_birth,0
154,3703,222167,freebase20140119,people_gender,0
154,3703,222153,freebase20140119,people_names,0
154,3703,222166,freebase20140119,people_place_of_birth,0
154,3703,222158,freebase20140119,people_profession,0
220,5298,317867,freebase20140119,place_of_birth_names,19
220,5298,317889,freebase20140119,place_of_birth_to_country,19
220,5298,317875,freebase20140119,place_to_country,19
154,3703,222159,freebase20140119,profession_names,0
154,3702,222147,freebase20140119,triples,0
156,3764,225828,freebase20140119,triples_lang,0
156,3764,225835,freebase20140119,triples_lang_en,0
156,3764,225826,freebase20140119,triples_nolang,0
1767,42413,2544756,geocode,201806_geolite2_city_ipv4,4
1767,42413,2544764,geocode,201806_geolite2_city_ipv4_locations,4
1768,42437,2546226,geocode,201806_geolite2_city_ipv4_locs,4
1767,42413,2544761,geocode,201806_geolite2_city_locations_en,4
1774,42584,2555013,geocode,201806_geolite2_latlon_redux,4
89,2142,128538,geocode,LICENSE,13
89,2136,128164,geocode,geoip_country_whois,13
88,2136,128133,geocode,geolite_city_blocks,13
88,2136,128136,geocode,geolite_city_blocks_location,13
89,2136,128171,geocode,geolite_city_bq,13
89,2140,128383,geocode,geolite_city_bq_b2b,13
88,2136,128131,geocode,geolite_city_location,13
88,2120,127221,geocode,geolite_country_bq,13
88,2136,128151,geocode,numbers_255,13
89,2137,128201,geocode,numbers_65536,13
89,2142,128503,geocode,sample_wikipedia_edits_cities_2002_2010,13
1103,26495,1589691,ghtorrent,LICENSE,20
1103,26496,1589759,ghtorrent,users,20
1425,34205,2052274,github_extracts,2016_repo_stars,1
1632,39182,2350906,github_extracts,2017_repo_stars,14
1025,24602,1476150,github_extracts,contents_go,5
1319,31660,1899583,github_extracts,contents_ipynb,17
1025,24603,1476164,github_extracts,contents_java,5
1028,24675,1480490,github_extracts,contents_java_2006,5
1028,24675,1480492,github_extracts,contents_java_2007,5
1028,24675,1480493,github_extracts,contents_java_2008,5
1028,24674,1480429,github_extracts,contents_java_2009,5
1028,24674,1480430,github_extracts,contents_java_2010,5
1028,24674,1480432,github_extracts,contents_java_2011,5
1028,24674,1480433,github_extracts,contents_java_2012,5
1028,24674,1480434,github_extracts,contents_java_2013,5
1028,24674,1480436,github_extracts,contents_java_2014,5
1028,24674,1480437,github_extracts,contents_java_2015,5
1028,24674,1480458,github_extracts,contents_java_2016,5
1257,30179,1810757,github_extracts,contents_java_full_201702,17
1025,24603,1476163,github_extracts,contents_js,5
1445,34689,2081350,github_extracts,contents_net_cs,16
1445,34687,2081224,github_extracts,contents_net_packages_config,16
1025,24603,1476164,github_extracts,contents_php,5
1025,24603,1476162,github_extracts,contents_py,5
1632,39182,2350942,github_extracts,contents_py_201802snap,14
1025,24603,1476162,github_extracts,contents_rb,5
1425,34205,2052312,github_extracts,contents_sql,1
1095,26301,1578041,github_extracts,contents_top_repos_top_langs,20
1028,24672,1480328,github_extracts,file_ages,5
1256,30155,1809318,github_extracts,gha_users_summary_2011_2016,17
1650,39609,2376538,github_extracts,gha_users_summary_2011_2017,14
1258,30211,1812654,github_extracts,ght_project_languages,17
1632,39182,2350909,github_extracts,repo_stars,14
783,18802,1128120,hackernews,comments,2
783,18802,1128107,hackernews,full_201510,2
783,18802,1128122,hackernews,stories,2
494,11866,711961,leadahq_challenge,bike_trip_data,8
634,15222,913348,liquor,iowa,11
1745,41882,2512912,mexico,births_2008_2013,4
394,9478,568685,mexico,cename_2013_centros,15
394,9478,568691,mexico,cename_2013_conafe,15
394,9478,568698,mexico,cename_2013_inmuebles,15
367,8808,528505,mexico,nacimientos_2008_2013,15
394,9478,568676,mexico,tr_centros,15
913,21925,1315507,mta_nyc_si,201410_bus_max_load,10
913,21925,1315505,mta_nyc_si,201410_bus_subway_transfers,10
913,21925,1315479,mta_nyc_si,201410_bustime,10
913,21925,1315499,mta_nyc_si,201410_daily_ridership,10
913,21925,1315501,mta_nyc_si,201410_hourly_ridership,10
913,21925,1315496,mta_nyc_si,201410_timepoint,10
913,21925,1315507,mta_nyc_si,201505_bus_max_load,10
913,21925,1315505,mta_nyc_si,201505_bus_subway_transfers,10
913,21925,1315479,mta_nyc_si,201505_bustime,10
913,21925,1315499,mta_nyc_si,201505_daily_ridership,10
913,21925,1315501,mta_nyc_si,201505_hourly_ridership,10
913,21925,1315496,mta_nyc_si,201505_timepoint,10
1602,38449,2306941,nyc,parking_violations_issued_2016,6
1602,38449,2306931,nyc,traffic_tickets,6
872,20934,1256021,openlibrary,ex_ol_dump_20151231_authors,21
872,20934,1256030,openlibrary,ex_ol_dump_20151231_editions,21
872,20930,1255828,openlibrary,ol_dump_20151231,21
969,23269,1396167,opensecrets,cands08,18
969,23270,1396176,opensecrets,cands16,18
976,23433,1405973,opensecrets,crp_categories,18
978,23474,1408463,opensecrets,expends16v2,18
978,23474,1408462,opensecrets,indivs16v2,18
975,23419,1405125,opensecrets,primaries_results,18
969,23276,1396546,opensecrets,zipcodes,18
1292,31026,1861556,popular_names,gender_probabilities,17
1292,31027,1861630,popular_names,stackoverflow_guesses,17
509,12219,733161,popular_names,usa_1910_2013,8
1143,27456,1647346,popular_names,usa_summary_1880_2015,9
1886,45270,2716176,pypi,pypi_2016,12
1886,45270,2716193,pypi,pypi_2017,12
1886,45270,2716214,pypi,pypi_2018,12
1952,46872,2812316,pypi,pypi_2019,7
1832,43992,2639510,python_extracts,pypi_2017,12
1879,45101,2706060,python_extracts,pypi_2017_delete2,12
1879,45101,2706063,python_extracts,pypi_2017_delete3,12
1879,45101,2706067,python_extracts,pypi_2017_delete4,12
1888,45336,2720140,python_extracts,pypi_2018,12
0,5,276,reddit,subreddits,22
740,17779,1066745,reddit,subreddits_201509,2
26,626,37553,reddit,top20,22
0,2,141,reddit,top25million,22
0,0,0,reddit,top25million_words,22
1116,26788,1607298,reddit_comments,2005,20
1116,26789,1607317,reddit_comments,2006,20
675,16203,972155,reddit_comments,2007,11
675,16203,972160,reddit_comments,2008,11
675,16208,972460,reddit_comments,2009,11
675,16203,972153,reddit_comments,2010,11
675,16202,972101,reddit_comments,2011,11
674,16200,971979,reddit_comments,2012,11
674,16193,971600,reddit_comments,2013,11
674,16198,971855,reddit_comments,2014,11
674,16183,970959,reddit_comments,2015_01,11
674,16183,970959,reddit_comments,2015_02,11
674,16184,971066,reddit_comments,2015_03,11
674,16184,971068,reddit_comments,2015_04,11
674,16184,971069,reddit_comments,2015_05,11
691,16593,995600,reddit_comments,2015_06,11
725,17404,1044223,reddit_comments,2015_07,11
738,17718,1063095,reddit_comments,2015_08,2
773,18553,1113183,reddit_comments,2015_09,2
803,19295,1157727,reddit_comments,2015_10,2
839,20159,1209548,reddit_comments,2015_11,21
858,20614,1236816,reddit_comments,2015_12,21
892,21408,1284498,reddit_comments,2016_01,10
968,23245,1394679,reddit_comments,2016_02,18
968,23245,1394694,reddit_comments,2016_03,18
998,23960,1437593,reddit_comments,2016_04,5
1024,24583,1474998,reddit_comments,2016_05,5
1088,26112,1566745,reddit_comments,2016_06,20
1088,26113,1566760,reddit_comments,2016_07,20
1108,26615,1596875,reddit_comments,2016_08,20
1149,27598,1655862,reddit_comments,2016_09,9
1202,28854,1731269,reddit_comments,2016_10,9
1207,28968,1738082,reddit_comments,2016_11,9
1260,30241,1814473,reddit_comments,2016_12,17
1446,34711,2082650,reddit_comments,2017_01,16
1290,30978,1858685,reddit_comments,2017_02,17
1326,31828,1909698,reddit_comments,2017_03,17
1352,32452,1947093,reddit_comments,2017_04,1
1380,33132,1987911,reddit_comments,2017_05,1
1412,33892,2033515,reddit_comments,2017_06,1
1439,34546,2072757,reddit_comments,2017_07,1
1466,35207,2112436,reddit_comments,2017_08,16
1497,35949,2156911,reddit_comments,2017_09,16
1536,36873,2212362,reddit_comments,2017_10,6
1558,37393,2243578,reddit_comments,2017_11,6
1600,38408,2304470,reddit_comments,2017_12,6
1704,40918,2455095,reddit_comments,2018_01,14
1704,40918,2455109,reddit_comments,2018_02,14
1717,41223,2473393,reddit_comments,2018_03,4
1786,42866,2571988,reddit_comments,2018_04,4
1786,42866,2571988,reddit_comments,2018_05,4
1799,43180,2590772,reddit_comments,2018_06,4
1847,44336,2660177,reddit_comments,2018_07,12
1860,44640,2678409,reddit_comments,2018_08,12
1875,45022,2701305,reddit_comments,2018_09,12
1896,45524,2731467,reddit_comments,2018_10,12
982,23582,1414907,reddit_comments,all,18
988,23719,1423122,reddit_comments,all_2015,18
982,23582,1414892,reddit_comments,all_starting_201501,18
674,16185,971083,reddit_comments,bots_201505,11
674,16185,971094,reddit_comments,subr_rank_201505,11
693,16636,998143,reddit_extracts,RC_20150701_08,11
698,16754,1005213,reddit_extracts,author_subreddits_201506,11
697,16734,1004068,reddit_extracts,author_subreddits_3_201506,11
697,16735,1004083,reddit_extracts,author_subreddits_3_201506_nested,11
697,16735,1004100,reddit_extracts,authors_subreddits_count_201506,11
687,16511,990677,reddit_extracts,cohorts_201505,11
741,17794,1067620,reddit_extracts,cohorts_201508,2
816,19589,1175363,reddit_extracts,cohorts_201510,2
859,20628,1237663,reddit_extracts,cohorts_201512,21
859,20624,1237468,reddit_extracts,comment_words_2015,21
1895,45498,2729888,reddit_extracts,graph201809_a,12
1895,45499,2729923,reddit_extracts,graph201809_b,12
1202,28850,1731027,reddit_extracts,ngram_3_201601,9
745,17901,1074077,reddit_extracts,requested_by_u_taglog,2
1556,37352,2241098,reddit_extracts,subredditoverlaps_subr_rank_all_starting_201501_538,6
859,20624,1237469,reddit_extracts,words_2015,21
859,20625,1237498,reddit_extracts,words_bigrams_2015,21
1572,37734,2264057,reddit_extracts,wordvecs_201711,6
968,23245,1394724,reddit_posts,2015_12,18
968,23245,1394707,reddit_posts,2016_01,18
968,23245,1394706,reddit_posts,2016_02,18
998,23960,1437595,reddit_posts,2016_03,5
1024,24584,1475014,reddit_posts,2016_04,5
1026,24644,1478669,reddit_posts,2016_05,5
1106,26548,1592881,reddit_posts,2016_06,20
1106,26548,1592887,reddit_posts,2016_07,20
1149,27598,1655872,reddit_posts,2016_08,9
1208,28993,1739590,reddit_posts,2016_09,9
1208,28995,1739723,reddit_posts,2016_10,9
1260,30242,1814513,reddit_posts,2016_11,17
1270,30496,1829780,reddit_posts,2016_12,17
1299,31183,1870999,reddit_posts,2017_01,17
1296,31123,1867394,reddit_posts,2017_02,17
1326,31828,1909698,reddit_posts,2017_03,17
1352,32452,1947093,reddit_posts,2017_04,1
1410,33846,2030785,reddit_posts,2017_05,1
1412,33892,2033495,reddit_posts,2017_06,1
1502,36049,2162918,reddit_posts,2017_07,16
1502,36049,2162919,reddit_posts,2017_08,16
1501,36046,2162779,reddit_posts,2017_09,16
1547,37148,2228877,reddit_posts,2017_10,6
1558,37396,2243768,reddit_posts,2017_11,6
1600,38408,2304472,reddit_posts,2017_12,6
1725,41423,2485383,reddit_posts,2018_01,4
1725,41423,2485384,reddit_posts,2018_02,4
1778,42676,2560572,reddit_posts,2018_03,4
1778,42676,2560571,reddit_posts,2018_04,4
1778,42676,2560573,reddit_posts,2018_05,4
1846,44313,2658777,reddit_posts,2018_06,12
1846,44313,2658777,reddit_posts,2018_07,12
1847,44330,2659810,reddit_posts,2018_08,12
1887,45296,2717767,reddit_posts,2018_09,12
1909,45838,2750289,reddit_posts,2018_10,12
759,18235,1094071,reddit_posts,full_corpus_201509,2
850,20419,1225156,reddit_posts,full_corpus_201512,21
1680,40325,2419482,reddit_v2,submissions2005,14
1680,40325,2419486,reddit_v2,submissions2007,14
1680,40325,2419487,reddit_v2,submissions2008,14
1680,40325,2419487,reddit_v2,submissions2009,14
1680,40325,2419488,reddit_v2,submissions2010,14
1172,28143,1688566,sheets,presidential_general_election_2016,9
1172,28150,1688997,sheets,senate_general_election_2016,9
1774,42594,2555655,stackoverflow,201806_stacko_tags_views,4
1396,33512,2010748,stackoverflow,survey_results_2011,1
1396,33512,2010750,stackoverflow,survey_results_2012,1
1396,33513,2010752,stackoverflow,survey_results_2013,1
1396,33513,2010752,stackoverflow,survey_results_2014,1
1396,33513,2010755,stackoverflow,survey_results_2015,1
1396,33513,2010755,stackoverflow,survey_results_2016,1
1396,33512,2010746,stackoverflow,survey_results_public_2017,1
1396,33512,2010746,stackoverflow,survey_results_schema_2017,1
1866,44788,2687260,stackoverflow,tags_category_201810,12
1530,36736,2204136,stackoverflow,tf_idf_experiment_2,6
1530,36736,2204148,stackoverflow,tf_idf_experiment_3,6
1529,36702,2202133,stackoverflow,tfidf_experiment,6
1405,33723,2023410,stackoverflow_archive,201703_badges,1
1405,33723,2023410,stackoverflow_archive,201703_comments,1
1405,33724,2023410,stackoverflow_archive,201703_post_history,1
1405,33723,2023408,stackoverflow_archive,201703_post_links,1
1405,33724,2023410,stackoverflow_archive,201703_posts_answers,1
1405,33724,2023410,stackoverflow_archive,201703_posts_moderator_nomination,1
1405,33724,2023410,stackoverflow_archive,201703_posts_orphaned_tag_wiki,1
1405,33724,2023410,stackoverflow_archive,201703_posts_privilege_wiki,1
1405,33724,2023410,stackoverflow_archive,201703_posts_questions,1
1405,33724,2023411,stackoverflow_archive,201703_posts_tag_wiki,1
1405,33724,2023411,stackoverflow_archive,201703_posts_tag_wiki_excerpt,1
1405,33724,2023411,stackoverflow_archive,201703_posts_wiki_placeholder,1
1405,33724,2023411,stackoverflow_archive,201703_stackoverflow_posts,1
1405,33724,2023411,stackoverflow_archive,201703_tags,1
1405,33724,2023411,stackoverflow_archive,201703_users,1
1405,33724,2023411,stackoverflow_archive,201703_votes,1
1410,33846,2030781,stackoverflow_archive,201706_badges,1
1410,33846,2030781,stackoverflow_archive,201706_comments,1
1410,33846,2030781,stackoverflow_archive,201706_post_history,1
1410,33846,2030781,stackoverflow_archive,201706_post_links,1
1410,33846,2030781,stackoverflow_archive,201706_posts_answers,1
1410,33846,2030782,stackoverflow_archive,201706_posts_moderator_nomination,1
1410,33846,2030782,stackoverflow_archive,201706_posts_orphaned_tag_wiki,1
1410,33846,2030782,stackoverflow_archive,201706_posts_privilege_wiki,1
1410,33846,2030782,stackoverflow_archive,201706_posts_questions,1
1410,33846,2030782,stackoverflow_archive,201706_posts_tag_wiki,1
1410,33846,2030782,stackoverflow_archive,201706_posts_tag_wiki_excerpt,1
1410,33846,2030782,stackoverflow_archive,201706_posts_wiki_placeholder,1
1410,33846,2030782,stackoverflow_archive,201706_stackoverflow_posts,1
1410,33846,2030783,stackoverflow_archive,201706_tags,1
1410,33846,2030783,stackoverflow_archive,201706_users,1
1410,33846,2030783,stackoverflow_archive,201706_votes,1
1481,35551,2133061,stackoverflow_archive,201709_badges,16
1481,35551,2133062,stackoverflow_archive,201709_comments,16
1481,35551,2133062,stackoverflow_archive,201709_post_history,16
1481,35551,2133062,stackoverflow_archive,201709_post_links,16
1481,35551,2133063,stackoverflow_archive,201709_posts_answers,16
1481,35551,2133063,stackoverflow_archive,201709_posts_moderator_nomination,16
1481,35551,2133063,stackoverflow_archive,201709_posts_orphaned_tag_wiki,16
1481,35551,2133064,stackoverflow_archive,201709_posts_privilege_wiki,16
1481,35551,2133064,stackoverflow_archive,201709_posts_questions,16
1481,35551,2133064,stackoverflow_archive,201709_posts_tag_wiki,16
1481,35551,2133064,stackoverflow_archive,201709_posts_tag_wiki_excerpt,16
1481,35551,2133065,stackoverflow_archive,201709_posts_wiki_placeholder,16
1481,35551,2133065,stackoverflow_archive,201709_stackoverflow_posts,16
1481,35551,2133065,stackoverflow_archive,201709_tags,16
1481,35551,2133066,stackoverflow_archive,201709_users,16
1481,35551,2133066,stackoverflow_archive,201709_votes,16
1574,37784,2267024,stackoverflow_archive,201712_badges,6
1574,37784,2267024,stackoverflow_archive,201712_comments,6
1574,37784,2267024,stackoverflow_archive,201712_post_history,6
1574,37784,2267024,stackoverflow_archive,201712_post_links,6
1574,37784,2267024,stackoverflow_archive,201712_posts_answers,6
1574,37784,2267024,stackoverflow_archive,201712_posts_moderator_nomination,6
1574,37784,2267025,stackoverflow_archive,201712_posts_orphaned_tag_wiki,6
1574,37784,2267025,stackoverflow_archive,201712_posts_privilege_wiki,6
1574,37784,2267025,stackoverflow_archive,201712_posts_questions,6
1574,37784,2267025,stackoverflow_archive,201712_posts_tag_wiki,6
1574,37784,2267025,stackoverflow_archive,201712_posts_tag_wiki_excerpt,6
1574,37784,2267025,stackoverflow_archive,201712_posts_wiki_placeholder,6
1574,37784,2267025,stackoverflow_archive,201712_stackoverflow_posts,6
1574,37784,2267025,stackoverflow_archive,201712_tags,6
1574,37784,2267025,stackoverflow_archive,201712_users,6
1574,37784,2267025,stackoverflow_archive,201712_votes,6
1658,39811,2388672,stackoverflow_archive,201803_badges,14
1658,39811,2388672,stackoverflow_archive,201803_comments,14
1658,39811,2388672,stackoverflow_archive,201803_post_history,14
1658,39811,2388672,stackoverflow_archive,201803_post_links,14
1658,39811,2388672,stackoverflow_archive,201803_posts_answers,14
1658,39811,2388672,stackoverflow_archive,201803_posts_moderator_nomination,14
1658,39811,2388672,stackoverflow_archive,201803_posts_orphaned_tag_wiki,14
1658,39811,2388673,stackoverflow_archive,201803_posts_privilege_wiki,14
1658,39811,2388673,stackoverflow_archive,201803_posts_questions,14
1658,39811,2388673,stackoverflow_archive,201803_posts_tag_wiki,14
1658,39811,2388673,stackoverflow_archive,201803_posts_tag_wiki_excerpt,14
1658,39811,2388673,stackoverflow_archive,201803_posts_wiki_placeholder,14
1658,39811,2388673,stackoverflow_archive,201803_stackoverflow_posts,14
1658,39811,2388673,stackoverflow_archive,201803_tags,14
1658,39811,2388674,stackoverflow_archive,201803_users,14
1658,39811,2388674,stackoverflow_archive,201803_votes,14
1748,41965,2517887,stackoverflow_archive,201806_badges,4
1748,41965,2517887,stackoverflow_archive,201806_comments,4
1748,41965,2517887,stackoverflow_archive,201806_post_history,4
1748,41965,2517887,stackoverflow_archive,201806_post_links,4
1748,41965,2517887,stackoverflow_archive,201806_posts_answers,4
1748,41965,2517888,stackoverflow_archive,201806_posts_moderator_nomination,4
1748,41965,2517888,stackoverflow_archive,201806_posts_orphaned_tag_wiki,4
1748,41965,2517888,stackoverflow_archive,201806_posts_privilege_wiki,4
1748,41965,2517888,stackoverflow_archive,201806_posts_questions,4
1748,41965,2517888,stackoverflow_archive,201806_posts_tag_wiki,4
1748,41965,2517889,stackoverflow_archive,201806_posts_tag_wiki_excerpt,4
1748,41965,2517889,stackoverflow_archive,201806_posts_wiki_placeholder,4
1748,41965,2517889,stackoverflow_archive,201806_stackoverflow_posts,4
1748,41965,2517889,stackoverflow_archive,201806_tags,4
1748,41965,2517889,stackoverflow_archive,201806_users,4
1748,41965,2517890,stackoverflow_archive,201806_votes,4
1861,44673,2680387,stackoverflow_archive,201809_badges,12
1861,44673,2680387,stackoverflow_archive,201809_comments,12
1861,44673,2680387,stackoverflow_archive,201809_post_history,12
1861,44673,2680387,stackoverflow_archive,201809_post_links,12
1861,44673,2680387,stackoverflow_archive,201809_posts_answers,12
1861,44673,2680387,stackoverflow_archive,201809_posts_moderator_nomination,12
1861,44673,2680387,stackoverflow_archive,201809_posts_orphaned_tag_wiki,12
1861,44673,2680387,stackoverflow_archive,201809_posts_privilege_wiki,12
1861,44673,2680388,stackoverflow_archive,201809_posts_questions,12
1861,44673,2680388,stackoverflow_archive,201809_posts_tag_wiki,12
1861,44673,2680388,stackoverflow_archive,201809_posts_tag_wiki_excerpt,12
1861,44673,2680388,stackoverflow_archive,201809_posts_wiki_placeholder,12
1861,44673,2680388,stackoverflow_archive,201809_stackoverflow_posts,12
1861,44673,2680388,stackoverflow_archive,201809_tags,12
1861,44673,2680388,stackoverflow_archive,201809_users,12
1861,44673,2680388,stackoverflow_archive,201809_votes,12
1959,47021,2821267,stackoverflow_archive,201812_badges,7
1959,47021,2821267,stackoverflow_archive,201812_comments,7
1959,47021,2821267,stackoverflow_archive,201812_post_history,7
1959,47021,2821267,stackoverflow_archive,201812_post_links,7
1959,47021,2821267,stackoverflow_archive,201812_posts_answers,7
1959,47021,2821267,stackoverflow_archive,201812_posts_moderator_nomination,7
1959,47021,2821267,stackoverflow_archive,201812_posts_orphaned_tag_wiki,7
1959,47021,2821267,stackoverflow_archive,201812_posts_privilege_wiki,7
1959,47021,2821267,stackoverflow_archive,201812_posts_questions,7
1959,47021,2821267,stackoverflow_archive,201812_posts_tag_wiki,7
1959,47021,2821267,stackoverflow_archive,201812_posts_tag_wiki_excerpt,7
1959,47021,2821267,stackoverflow_archive,201812_posts_wiki_placeholder,7
1959,47021,2821267,stackoverflow_archive,201812_stackoverflow_posts,7
1959,47021,2821267,stackoverflow_archive,201812_tags,7
1959,47021,2821268,stackoverflow_archive,201812_users,7
1959,47021,2821268,stackoverflow_archive,201812_votes,7
968,23250,1395021,test_acousticbrainz,README,18
968,23250,1395020,test_acousticbrainz,highlevel,18
968,23250,1395021,test_acousticbrainz,lowlevel,18
969,23271,1396287,test_acousticbrainz,lowlevel_cols,18
517,12414,744863,weather_gsod,gsod1929,8
517,12414,744865,weather_gsod,gsod1930,8
517,12414,744867,weather_gsod,gsod1931,8
517,12414,744869,weather_gsod,gsod1932,8
517,12415,744870,weather_gsod,gsod1933,8
517,12415,744873,weather_gsod,gsod1934,8
517,12415,744875,weather_gsod,gsod1935,8
517,12415,744877,weather_gsod,gsod1936,8
517,12415,744879,weather_gsod,gsod1937,8
517,12415,744883,weather_gsod,gsod1938,8
517,12415,744885,weather_gsod,gsod1939,8
517,12415,744888,weather_gsod,gsod1940,8
517,12415,744890,weather_gsod,gsod1941,8
517,12415,744893,weather_gsod,gsod1942,8
517,12415,744896,weather_gsod,gsod1943,8
517,12415,744899,weather_gsod,gsod1944,8
517,12415,744902,weather_gsod,gsod1945,8
517,12415,744905,weather_gsod,gsod1946,8
517,12415,744908,weather_gsod,gsod1947,8
517,12415,744911,weather_gsod,gsod1948,8
517,12415,744915,weather_gsod,gsod1949,8
517,12415,744921,weather_gsod,gsod1950,8
517,12415,744926,weather_gsod,gsod1951,8
517,12415,744930,weather_gsod,gsod1952,8
517,12416,744936,weather_gsod,gsod1953,8
517,12416,744940,weather_gsod,gsod1954,8
517,12416,744944,weather_gsod,gsod1955,8
517,12416,744949,weather_gsod,gsod1956,8
517,12416,744954,weather_gsod,gsod1957,8
517,12416,744959,weather_gsod,gsod1958,8
517,12416,744964,weather_gsod,gsod1959,8
517,12416,744968,weather_gsod,gsod1960,8
517,12416,744973,weather_gsod,gsod1961,8
517,12416,744979,weather_gsod,gsod1962,8
517,12416,744985,weather_gsod,gsod1963,8
517,12416,744990,weather_gsod,gsod1964,8
517,12417,744994,weather_gsod,gsod1965,8
517,12413,744806,weather_gsod,gsod1966,8
517,12413,744806,weather_gsod,gsod1967,8
517,12413,744806,weather_gsod,gsod1968,8
517,12413,744806,weather_gsod,gsod1969,8
517,12410,744573,weather_gsod,gsod1970,8
517,12410,744572,weather_gsod,gsod1971,8
517,12410,744571,weather_gsod,gsod1972,8
517,12410,744576,weather_gsod,gsod1973,8
515,12368,742091,weather_gsod,gsod1974,8
515,12368,742088,weather_gsod,gsod1975,8
515,12368,742089,weather_gsod,gsod1976,8
515,12368,742089,weather_gsod,gsod1977,8
515,12368,742080,weather_gsod,gsod1978,8
515,12368,742080,weather_gsod,gsod1979,8
515,12368,742079,weather_gsod,gsod1980,8
515,12368,742079,weather_gsod,gsod1981,8
514,12345,740728,weather_gsod,gsod1982,8
514,12345,740728,weather_gsod,gsod1983,8
514,12345,740728,weather_gsod,gsod1984,8
514,12345,740728,weather_gsod,gsod1985,8
514,12345,740728,weather_gsod,gsod1986,8
514,12342,740490,weather_gsod,gsod1987,8
514,12342,740490,weather_gsod,gsod1988,8
514,12342,740490,weather_gsod,gsod1989,8
514,12342,740490,weather_gsod,gsod1990,8
514,12342,740490,weather_gsod,gsod1991,8
514,12341,740474,weather_gsod,gsod1992,8
514,12341,740474,weather_gsod,gsod1993,8
514,12341,740474,weather_gsod,gsod1994,8
514,12341,740474,weather_gsod,gsod1995,8
514,12341,740472,weather_gsod,gsod1996,8
514,12341,740448,weather_gsod,gsod1997,8
514,12341,740447,weather_gsod,gsod1998,8
514,12341,740447,weather_gsod,gsod1999,8
514,12341,740446,weather_gsod,gsod2000,8
514,12341,740447,weather_gsod,gsod2001,8
514,12341,740431,weather_gsod,gsod2002,8
514,12341,740431,weather_gsod,gsod2003,8
514,12340,740422,weather_gsod,gsod2004,8
514,12338,740303,weather_gsod,gsod2005,8
514,12340,740422,weather_gsod,gsod2006,8
514,12340,740420,weather_gsod,gsod2007,8
514,12340,740420,weather_gsod,gsod2008,8
514,12340,740418,weather_gsod,gsod2009,8
514,12338,740266,weather_gsod,gsod2010,8
514,12338,740266,weather_gsod,gsod2011,8
514,12337,740205,weather_gsod,gsod2012,8
514,12337,740221,weather_gsod,gsod2013,8
514,12337,740203,weather_gsod,gsod2014,8
514,12338,740266,weather_gsod,gsod2015,8
867,20810,1248595,weather_gsod,gsod2016,21
510,12250,735018,weather_gsod,stations,8
948,22753,1365193,weather_gsod,stations2,18
923,22158,1329501,wikidata,latest_en_v1,10
949,22788,1367250,wikidata,latest_enesja_v1,18
962,23101,1386080,wikidata,latest_enesjafrde_v1,18
1062,25511,1530648,wikidata,latest_enesjafrde_v1_a,5
923,22158,1329472,wikidata,latest_raw,10
927,22255,1335273,wikidata,subclasses,10
381,9149,548959,wikipedia,corr_201408_5k,15
802,19253,1155173,wikipedia,pagecounts_201001,2
796,19105,1146299,wikipedia,pagecounts_201101,2
797,19130,1147771,wikipedia,pagecounts_201102,2
797,19148,1148889,wikipedia,pagecounts_201103,2
798,19157,1149398,wikipedia,pagecounts_201104,2
798,19166,1149972,wikipedia,pagecounts_201105,2
798,19175,1150500,wikipedia,pagecounts_201106,2
799,19184,1151032,wikipedia,pagecounts_201107,2
799,19193,1151553,wikipedia,pagecounts_201108,2
800,19201,1152036,wikipedia,pagecounts_201109,2
800,19210,1152610,wikipedia,pagecounts_201110,2
800,19219,1153170,wikipedia,pagecounts_201111,2
802,19254,1155228,wikipedia,pagecounts_201112,2
796,19107,1146441,wikipedia,pagecounts_201201,2
796,19108,1146502,wikipedia,pagecounts_201202,2
796,19119,1147157,wikipedia,pagecounts_201203,2
797,19129,1147751,wikipedia,pagecounts_201204,2
797,19139,1148355,wikipedia,pagecounts_201205,2
797,19150,1148974,wikipedia,pagecounts_201206,2
798,19160,1149615,wikipedia,pagecounts_201207,2
798,19171,1150243,wikipedia,pagecounts_201208,2
799,19181,1150865,wikipedia,pagecounts_201209,2
799,19191,1151486,wikipedia,pagecounts_201210,2
800,19202,1152117,wikipedia,pagecounts_201211,2
800,19213,1152755,wikipedia,pagecounts_201212,2
796,19120,1147229,wikipedia,pagecounts_201301,2
797,19150,1148997,wikipedia,pagecounts_201302,2
798,19162,1149725,wikipedia,pagecounts_201303,2
798,19173,1150387,wikipedia,pagecounts_201304,2
796,19106,1146389,wikipedia,pagecounts_201305,2
795,19103,1146206,wikipedia,pagecounts_201306,2
793,19054,1143241,wikipedia,pagecounts_201307,2
794,19062,1143747,wikipedia,pagecounts_201308,2
793,19043,1142555,wikipedia,pagecounts_201309,2
793,19043,1142592,wikipedia,pagecounts_201310,2
793,19043,1142590,wikipedia,pagecounts_201311,2
793,19043,1142590,wikipedia,pagecounts_201312,2
793,19043,1142567,wikipedia,pagecounts_201401,2
793,19043,1142559,wikipedia,pagecounts_201402,2
793,19043,1142559,wikipedia,pagecounts_201403,2
793,19039,1142346,wikipedia,pagecounts_201404,2
382,9173,550369,wikipedia,pagecounts_201405,15
381,9166,549966,wikipedia,pagecounts_201406,15
378,9078,544690,wikipedia,pagecounts_201407,15
378,9078,544699,wikipedia,pagecounts_201407_en,15
378,9080,544775,wikipedia,pagecounts_201407_en_top365k,15
378,9080,544824,wikipedia,pagecounts_201407_en_top65k,15
380,9138,548295,wikipedia,pagecounts_201408,15
381,9148,548903,wikipedia,pagecounts_201408_en,15
381,9149,548946,wikipedia,pagecounts_201408_en_top5k,15
381,9148,548905,wikipedia,pagecounts_201408_en_top65k,15
468,11241,674469,wikipedia,pagecounts_201409,3
468,11241,674472,wikipedia,pagecounts_201409_en_top5k,3
468,11241,674470,wikipedia,pagecounts_201409_en_top65k,3
460,11049,662960,wikipedia,pagecounts_201410,3
468,11235,674123,wikipedia,pagecounts_201410_en_top5k,3
468,11235,674126,wikipedia,pagecounts_201410_en_top65k,3
460,11049,662940,wikipedia,pagecounts_201411,3
468,11235,674122,wikipedia,pagecounts_201411_en_top5k,3
468,11235,674121,wikipedia,pagecounts_201411_en_top65k,3
515,12365,741889,wikipedia,pagecounts_201412,8
476,11438,686304,wikipedia,pagecounts_20141220_12,3
794,19062,1143742,wikipedia,pagecounts_201501,2
522,12536,752147,wikipedia,pagecounts_201501_d01_d28,8
794,19062,1143723,wikipedia,pagecounts_201502,2
530,12724,763465,wikipedia,pagecounts_20150212_01,8
794,19062,1143723,wikipedia,pagecounts_201503,2
641,15395,923689,wikipedia,pagecounts_201504,11
641,15396,923777,wikipedia,pagecounts_201505,11
794,19058,1143502,wikipedia,pagecounts_201506,2
654,15716,942944,wikipedia,pagecounts_20150616_16,11
793,19054,1143240,wikipedia,pagecounts_201507,2
793,19043,1142554,wikipedia,pagecounts_201508,2
793,19039,1142332,wikipedia,pagecounts_201509,2
792,19015,1140912,wikipedia,pagecounts_201510,2
912,21911,1314671,wikipedia,pagecounts_201511,10
800,19222,1153332,wikipedia,pagecounts_20151109_18,2
810,19453,1167189,wikipedia,pagecounts_20151119_09,2
912,21911,1314669,wikipedia,pagecounts_201512,10
825,19812,1188719,wikipedia,pagecounts_20151204_09,2
913,21912,1314725,wikipedia,pagecounts_201601,10
913,21919,1315122,wikipedia,pagecounts_201602,10
900,21624,1297431,wikipedia,pagecounts_20160217_18,10
923,22158,1329485,wikipedia,pagecounts_201602_en_top365k,10
951,22835,1370084,wikipedia,pagecounts_201603,18
940,22564,1353836,wikipedia,pagecounts_20160328_00,10
942,22612,1356743,wikipedia,pagecounts_20160330_00,18
942,22621,1357239,wikipedia,pagecounts_20160330_09,18
943,22642,1358546,wikipedia,pagecounts_20160331_06,18
977,23453,1407178,wikipedia,pagecounts_201604,18
1011,24277,1456643,wikipedia,pagecounts_201605,5
998,23973,1438408,wikipedia,pagecounts_20160525_17,5
1046,25116,1506933,wikipedia,pagecounts_201606,5
1082,25973,1558370,wikipedia,pagecounts_201607,20
1052,25261,1515639,wikipedia,pagecounts_20160718_09,5
1095,26299,1577910,wikipedia,pagecounts_20160805_12,20
194,4673,280367,wikipedia,wikipedia_views_201308,19
8,208,12508,wikipedia,wikipedia_views_201308_en_top_titles_views,22
165,3967,238023,wikipedia,wikipedia_views_20140201_00,0
165,3963,237766,wikipedia,wikipedia_views_20140211_21,0
165,3983,238963,wikipedia,wikipedia_views_20140212_20,0
166,3986,239140,wikipedia,wikipedia_views_20140212_21,0
166,3986,239150,wikipedia,wikipedia_views_20140212_22,0
166,3986,239149,wikipedia,wikipedia_views_20140212_23,0
1642,39414,2364816,wikipedia_extracts,array_views_201701_en_m,14
798,19159,1149559,wikipedia_extracts,en_2014_pagecounts_top,2
796,19113,1146804,wikipedia_extracts,en_2014_pick_top,2
1641,39392,2363497,wikipedia_v2,pageviews_2015,14
1641,39392,2363497,wikipedia_v2,pageviews_2016,14
1641,39392,2363524,wikipedia_v2,pageviews_2017,14
1641,39393,2363566,wikipedia_v2,pageviews_2018,14
1951,46827,2809617,wikipedia_v2,pageviews_2019,7
1796,43111,2586671,wikipedia_v3,pageviews_2015,4
1796,43111,2586666,wikipedia_v3,pageviews_2016,4
1796,43111,2586634,wikipedia_v3,pageviews_2017,4
1796,43113,2586796,wikipedia_v3,pageviews_2018,4
1952,46872,2812314,wikipedia_v3,pageviews_2019,7
1889,45344,2720639,wikipedia_vt,clickstream_enwiki_201809,12
1889,45344,2720648,wikipedia_vt,clicstream_b,12
1889,45347,2720799,wikipedia_vt,clicstream_c,12
1889,45347,2720816,wikipedia_vt,clicstream_c_comb,12
1889,45354,2721258,wikipedia_vt,clicstream_c_comb_clust_a,12
1889,45354,2721259,wikipedia_vt,clicstream_c_comb_clust_c,12
1890,45362,2721694,wikipedia_vt,clicstream_ds,12
1890,45361,2721686,wikipedia_vt,clicstream_top_topics,12
1893,45439,2726317,wikipedia_vt,clicstream_top_topics_all,12
1881,45160,2709629,wikipedia_vt,just_latest_rows,12
1882,45186,2711168,wikipedia_vt,just_latest_rows_live,12
1883,45193,2711564,wikipedia_vt,just_latest_rows_live2,12
1763,42321,2539281,wikipedia_vt,pageviews_2015,4
1763,42317,2539033,wikipedia_vt,pageviews_2016,4
1763,42316,2538969,wikipedia_vt,pageviews_2017,4
1763,42317,2539029,wikipedia_vt,pageviews_2018,4
1796,43109,2586551,wikipedia_vt,pageviews_2019,4
1799,43180,2590793,wikipedia_vt,reddit_test_2018,4
